[
  {
    "id": "d3b87a9e-fcbd-47b8-9ad5-a4ee69d83cb8",
    "data": [
      {
        "text": "steak and wine",
        "meta": "@sys.any",
        "alias": "likes",
        "userDefined": true
      }
    ],
    "isTemplate": false,
    "count": 0,
    "lang": "en",
    "updated": 0
  },
  {
    "id": "b3b4dd61-5cf9-4119-925a-eea91b36af78",
    "data": [
      {
        "text": "main course dinner",
        "meta": "@sys.any",
        "alias": "likes",
        "userDefined": true
      }
    ],
    "isTemplate": false,
    "count": 0,
    "lang": "en",
    "updated": 0
  },
  {
    "id": "57ff1312-0245-457b-acd1-8a15eb56b65a",
    "data": [
      {
        "text": "Cold tofu",
        "meta": "@sys.any",
        "alias": "likes",
        "userDefined": true
      }
    ],
    "isTemplate": false,
    "count": 0,
    "lang": "en",
    "updated": 0
  },
  {
    "id": "f3c52527-2ab2-444b-bcb1-51b24807902a",
    "data": [
      {
        "text": "sweet and sour",
        "meta": "@sys.any",
        "alias": "likes",
        "userDefined": true
      }
    ],
    "isTemplate": false,
    "count": 0,
    "lang": "en",
    "updated": 0
  }
]